{"cameraMode":{"drawMode":0,"name":"Shaded","section":"Shading Mode"},"sceneLighting":true,"audioPlay":false,"sceneViewState":{"showFog":true,"showMaterialUpdate":false,"showSkybox":true,"showFlares":true,"showImageEffects":true,"showParticleSystems":true},"in2DMode":false,"pivot":{"x":628.7440185546875,"y":223.86476135253907,"z":-9.331512451171875},"rotation":{"x":0.07133369147777558,"y":0.010472978465259076,"z":-0.0007488662959076464,"w":0.9973986148834229},"size":870.2252807617188,"orthographic":false}