{"cameraMode":{"drawMode":0,"name":"Shaded","section":"Shading Mode"},"sceneLighting":true,"audioPlay":false,"sceneViewState":{"showFog":true,"showMaterialUpdate":false,"showSkybox":true,"showFlares":true,"showImageEffects":true,"showParticleSystems":true},"in2DMode":false,"pivot":{"x":2.321467399597168,"y":-0.43908631801605227,"z":4.3311357498168949},"rotation":{"x":-0.13518084585666657,"y":-0.06624576449394226,"z":0.009042568504810334,"w":-0.9885821342468262},"size":23.244300842285158,"orthographic":false}