{"cameraMode":{"drawMode":0,"name":"Shaded","section":"Shading Mode"},"sceneLighting":true,"audioPlay":false,"sceneViewState":{"showFog":true,"showMaterialUpdate":false,"showSkybox":true,"showFlares":true,"showImageEffects":true,"showParticleSystems":true},"in2DMode":false,"pivot":{"x":0.04100916534662247,"y":2.5379626750946047,"z":5.431656360626221},"rotation":{"x":0.2920774817466736,"y":-0.0014346468960866333,"z":0.00043830618960782886,"w":0.9563952088356018},"size":11.976299285888672,"orthographic":false}