{"cameraMode":{"drawMode":0,"name":"Shaded","section":"Shading Mode"},"sceneLighting":true,"audioPlay":false,"sceneViewState":{"showFog":true,"showMaterialUpdate":false,"showSkybox":true,"showFlares":true,"showImageEffects":true,"showParticleSystems":true},"in2DMode":false,"pivot":{"x":28.40047264099121,"y":-186.535888671875,"z":-19.386430740356447},"rotation":{"x":-0.22180210053920747,"y":-0.7730984687805176,"z":0.4681718349456787,"w":-0.36632436513900759},"size":178.70301818847657,"orthographic":false}