{"cameraMode":{"drawMode":0,"name":"Shaded","section":"Shading Mode"},"sceneLighting":true,"audioPlay":false,"sceneViewState":{"showFog":true,"showMaterialUpdate":false,"showSkybox":true,"showFlares":true,"showImageEffects":true,"showParticleSystems":true},"in2DMode":false,"pivot":{"x":15.617788314819336,"y":-14.604988098144532,"z":31.490394592285158},"rotation":{"x":0.29579049348831179,"y":0.060129616409540179,"z":-0.018659358844161035,"w":0.953176736831665},"size":183.26513671875,"orthographic":false}