{"cameraMode":{"drawMode":0,"name":"Shaded","section":"Shading Mode"},"sceneLighting":true,"audioPlay":false,"sceneViewState":{"showFog":true,"showMaterialUpdate":false,"showSkybox":true,"showFlares":true,"showImageEffects":true,"showParticleSystems":true},"in2DMode":false,"pivot":{"x":704.7251586914063,"y":469.68798828125,"z":-26.5565185546875},"rotation":{"x":0.0015031651128083468,"y":0.06265494972467423,"z":0.000032842246582731605,"w":-0.9981653094291687},"size":133.13658142089845,"orthographic":false}