{"cameraMode":{"drawMode":0,"name":"Shaded","section":"Shading Mode"},"sceneLighting":true,"audioPlay":false,"sceneViewState":{"showFog":true,"showMaterialUpdate":false,"showSkybox":true,"showFlares":true,"showImageEffects":true,"showParticleSystems":true},"in2DMode":false,"pivot":{"x":972.9212646484375,"y":306.4406433105469,"z":54.17462158203125},"rotation":{"x":-0.1420113891363144,"y":-0.018133345991373063,"z":0.00256347400136292,"w":-0.9898256659507752},"size":881.1905517578125,"orthographic":false}