{"cameraMode":{"drawMode":0,"name":"Shaded","section":"Shading Mode"},"sceneLighting":true,"audioPlay":false,"sceneViewState":{"showFog":true,"showMaterialUpdate":false,"showSkybox":true,"showFlares":true,"showImageEffects":true,"showParticleSystems":true},"in2DMode":false,"pivot":{"x":30.128582000732423,"y":-3.2731575965881349,"z":58.763553619384769},"rotation":{"x":-0.05533995106816292,"y":-0.06914468854665756,"z":0.0038304426707327368,"w":-0.9960737228393555},"size":124.10458374023438,"orthographic":false}