{"cameraMode":{"drawMode":0,"name":"Shaded","section":"Shading Mode"},"sceneLighting":true,"audioPlay":false,"sceneViewState":{"showFog":true,"showMaterialUpdate":false,"showSkybox":true,"showFlares":true,"showImageEffects":true,"showParticleSystems":true},"in2DMode":false,"pivot":{"x":793.1145629882813,"y":309.5295104980469,"z":-180.89495849609376},"rotation":{"x":-0.017657481133937837,"y":0.05995086207985878,"z":0.0010607356671243907,"w":0.9980443716049194},"size":895.6273803710938,"orthographic":false}