{"cameraMode":{"drawMode":0,"name":"Shaded","section":"Shading Mode"},"sceneLighting":true,"audioPlay":false,"sceneViewState":{"showFog":true,"showMaterialUpdate":false,"showSkybox":true,"showFlares":true,"showImageEffects":true,"showParticleSystems":true},"in2DMode":false,"pivot":{"x":547.2560424804688,"y":260.85894775390627,"z":-10.224205017089844},"rotation":{"x":-0.042936164885759357,"y":0.9561713933944702,"z":-0.22520112991333009,"w":-0.18229028582572938},"size":108.24168395996094,"orthographic":false}