{"cameraMode":{"drawMode":0,"name":"Shaded","section":"Shading Mode"},"sceneLighting":true,"audioPlay":false,"sceneViewState":{"showFog":true,"showMaterialUpdate":false,"showSkybox":true,"showFlares":true,"showImageEffects":true,"showParticleSystems":true},"in2DMode":false,"pivot":{"x":-3.4793472290039064,"y":5.699431896209717,"z":7.688981056213379},"rotation":{"x":-0.1997608244419098,"y":-0.5520533323287964,"z":0.1382680982351303,"w":-0.79764723777771},"size":53.91556167602539,"orthographic":false}