{"cameraMode":{"drawMode":0,"name":"Shaded","section":"Shading Mode"},"sceneLighting":true,"audioPlay":false,"sceneViewState":{"showFog":true,"showMaterialUpdate":false,"showSkybox":true,"showFlares":true,"showImageEffects":true,"showParticleSystems":true},"in2DMode":false,"pivot":{"x":45.136619567871097,"y":-51.85405731201172,"z":132.06483459472657},"rotation":{"x":0.17294886708259583,"y":0.044900450855493548,"z":-0.007888623513281346,"w":0.983896791934967},"size":289.61138916015627,"orthographic":false}