{"cameraMode":{"drawMode":0,"name":"Shaded","section":"Shading Mode"},"sceneLighting":true,"audioPlay":false,"sceneViewState":{"showFog":true,"showMaterialUpdate":false,"showSkybox":true,"showFlares":true,"showImageEffects":true,"showParticleSystems":true},"in2DMode":false,"pivot":{"x":7.100164413452148,"y":25.086891174316408,"z":-14.386871337890625},"rotation":{"x":0.38516831398010256,"y":0.006918939296156168,"z":-0.0028926534578204157,"w":0.9228241443634033},"size":66.85100555419922,"orthographic":false}